benchmark_type,case_name,N,original_dim,padded_dim,qubit_num,trials,standard_sparse_avg_compute_time_sec,standard_sparse_avg_term_count,standard_sparse_avg_rel_fro_error,standard_sparse_avg_sparse_conversion_time_sec,standard_sparse_avg_core_compute_time_sec,mlqc_avg_compute_time_sec,mlqc_avg_term_count,mlqc_avg_rel_fro_error,mlqc_avg_sparse_conversion_time_sec,mlqc_avg_core_compute_time_sec,mlqc_avg_perm_time_sec,mlqc_avg_svd_time_sec,mlqc_avg_subblock_expand_time_sec,mlqc_avg_combine_time_sec,mlqc_avg_effective_rank
case_series_convertor,Case_Series_Convertor,10,83,128,7,5,15.3329089,1320,2.77E-16,14.5193873,0.777686398,0.0162631,1320,4.62E-16,0,0,0.0003146,0.003552,0.002996399,0.0015749,5
case_series_convertor,Case_Series_Convertor,20,163,256,8,5,72.4870325,2880,3.63E-16,68.97290381,3.356522802,0.0464273,2880,2.75E-15,0,0,0.0005139,0.0251027,0.005527301,0.0041616,6
case_series_convertor,Case_Series_Convertor,30,243,256,8,5,73.3251616,2048,2.32E-16,69.60339121,3.551160793,0.0411288,2048,7.25E-16,0,0,0.0005417,0.0221001,0.005552301,0.0024565,6
case_series_convertor,Case_Series_Convertor,40,323,512,9,5,334.2673742,5952,3.69E-16,318.7796064,14.80456973,0.1842237,5952,2.54E-15,0,0,0.0022696,0.0362594,0.090410101,0.0093711,6
case_series_convertor,Case_Series_Convertor,50,403,512,9,5,332.0493796,6288,7.02E-16,316.358539,15.00691091,0.2103661,6288,9.69E-16,0,0,0.0023475,0.0330766,0.097726902,0.0223825,6
case_series_convertor,Case_Series_Convertor,60,483,512,9,5,332.2341676,4608,3.43E-16,316.4201621,15.14688641,0.1758309,4608,8.07E-16,0,0,0.0023582,0.0330045,0.0881615,0.0074351,6
case_series_convertor,Case_Series_Convertor,70,563,1024,10,5,1491.388625,13120,7.47E-16,1423.004381,65.55776932,0.7454348,13120,7.30E-16,0,0,0.0052799,0.3659128,0.281830899,0.0252236,8
